Method,Compound,MZ,RT,Metabolite,HMDB
C18-neg,QI04963,194.0459,2.86,Salicyluric acid,HMDB0000840
C18-neg,QI04896,151.0402,2.64,Mandelic acid,HMDB0000703
C18-neg,QI05394,137.0246,4.45,Salicylic acid,HMDB0001895
C18-neg,QI04431,151.0402,1.77,p-Hydroxyphenylacetic acid,HMDB0000020
C18-neg,QI02118,179.0562,0.73,Hexose,HMDB0000122
C18-neg,QI04845,283.082,2.44,P-Cresol glucuronide,HMDB0011686
C18-neg,TF09,319.2279,12,15-HETE,HMDB0003876
C18-neg,TF08,319.2279,12.3,12-HETE,HMDB0006111
C18-neg,TF07,319.2279,12.46,5-HETE,HMDB0011134
C18-neg,QI13911,297.2793,16.98,Xi-17-Methyloctadecanoic acid,HMDB0061710
C18-neg,TF06,159.0663,1.7,3-Methyladipic acid,HMDB0000555
C18-neg,QI05644,187.0976,5.17,Azelaic acid,HMDB0000784
C18-neg,QI06278,201.1134,6.5,Sebacic acid,HMDB0000792
C18-neg,QI07095,215.1287,7.41,Undecanedioic acid,HMDB0000888
C18-neg,QI07730,229.1442,8.19,Dodecanedioic acid,HMDB0000623
C18-neg,QI08758,257.1756,9.33,Tetradecanedioic acid,HMDB0000872
C18-neg,QI10126,285.2066,10.94,Hexadecanedioic acid,HMDB0000672
C18-neg,QI12053,341.2692,13.59,Eicosanedioic acid,HMDB0242141
C18-neg,QI04526,131.0716,1.89,3-Hydroxyhexanoic acid,HMDB0061652
C18-neg,QI06123,159.1027,6.22,3-Hydroxyoctanoic acid,HMDB0001954
C18-neg,QI06723,159.1027,7.01,2-Hydroxyoctanoic acid,HMDB0002264
C18-neg,QI08029,187.134,8.56,3-Hydroxydecanoic acid,HMDB0002203
C18-neg,QI11424,243.1961,12.6,2-Hydroxymyristic acid,HMDB0002261
C18-neg,QI10636,271.2274,11.44,Juniperic acid,HMDB0006294
C18-neg,QI12427,271.2274,14.17,2-Hydroxy palmitic acid,HMDB0031057
C18-neg,QI13419,299.2586,15.6,2-Hydroxystearic acid,HMDB0062549
C18-neg,QI08643,143.108,9.17,Caprylic acid,HMDB0000482
C18-neg,QI10218,171.1392,11.02,Capric acid,HMDB0000511
C18-neg,QI11475,199.1702,12.68,Lauric acid,HMDB0000638
C18-neg,QI11961,213.186,13.44,Tridecylic acid,HMDB0000910
C18-neg,QI12397,227.2013,14.15,Myristic acid,HMDB0000806
C18-neg,QI12824,241.217,14.82,Pentadecylic acid,HMDB0000826
C18-neg,QI13297,255.2326,15.41,Palmitic acid,HMDB0000220
C18-neg,QI13558,269.2482,15.97,Margaric acid,HMDB0002259
C18-neg,QI13720,283.2638,16.55,Stearic acid,HMDB0000827
C18-neg,QI13995,297.2793,17.16,Nonadecylic acid,HMDB0000772
C18-neg,QI14239,311.2951,17.84,Arachidic acid,HMDB0002212
C18-neg,QI10121,183.139,10.94,10-Hendecenoic acid,HMDB0033724
C18-neg,QI10877,197.1547,11.8,5-Dodecenoic acid,HMDB0000529
C18-neg,QI11768,225.1858,13.11,Myristoleic acid,HMDB0002000
C18-neg,QI12581,253.2169,14.44,Palmitoleic acid,HMDB0003229
C18-neg,QI12950,267.2325,15.06,10Z-Heptadecenoic acid,HMDB0060038
C18-neg,QI12296,277.2167,14.03,alpha-Linolenic acid,HMDB0001388
C18-neg,TF04,277.2173,14.14,gamma-Linolenic acid,HMDB0003073
C18-neg,QI12778,279.2323,14.78,Linoleic acid,HMDB0000673
C18-neg,QI13417,281.2481,15.6,Oleic acid,HMDB0000207
C18-neg,TF05,295.2643,16.16,Nonadeca-10Z-enoic acid,HMDB0013622
C18-neg,QI12223,301.2167,13.92,Eicosapentaenoic acid,HMDB0001999
C18-neg,QI12681,303.2324,14.62,Arachidonic acid,HMDB0001043
C18-neg,QI12993,305.248,15.13,Eicosatrienoic acid,HMDB0002925
C18-neg,QI13509,307.2637,15.82,Eicosadienoic acid,HMDB0005060
C18-neg,QI13789,309.2794,16.66,Eicosenoic acid,HMDB0002231
C18-neg,QI12543,327.2323,14.42,Docosahexaenoic acid,HMDB0002183
C18-neg,QI12808,329.248,14.8,Docosapentaenoic acid (22n-6),HMDB0001976
C18-neg,QI13343,331.2637,15.45,Adrenic acid,HMDB0002226
C18-neg,QI14253,337.3108,17.89,cis-Erucic acid,HMDB0002068
C18-neg,QI14424,365.3419,19.57,Nervonic acid,HMDB0002368
C18-neg,QI12147,344.2801,13.75,Palmitoyl-EA,HMDB0002100
C18-neg,TF12,416.3018,9.25,CAR 14:0,HMDB0005066
C18-neg,QI09535,313.238,10.3,"12,13-DiHOME",HMDB0004705
C18-neg,QI09635,313.238,10.42,"9,10-DiHOME",HMDB0004704
C18-neg,QI10898,295.2272,11.81,13-HODE,HMDB0004667
C18-neg,QI02889,151.0262,0.8,Oxypurinol,HMDB0000786
C18-neg,QI03831,179.0567,1.14,Theophylline,HMDB0001889
C18-neg,QI03627,195.0523,1.02,"1,3-Dimethyluric acid",HMDB0001857
C18-neg,TF21,130.051,1.08,N-Acetylalanine,HMDB0000766
C18-neg,QI04258,158.1187,1.51,2-Aminooctanoic acid,HMDB0000991
C18-neg,TF22,168.0302,1.2,2-Furoylglycine,HMDB0000439
C18-neg,TF23,176.0387,1.34,N-Formylmethionine,HMDB0001015
C18-neg,QI05458,204.0666,4.67,Cinnamoylglycine,HMDB0011621
C18-neg,QI04440,263.1033,1.78,alpha-N-Phenylacetylglutamine,HMDB0006344
C18-neg,QI07369,263.1285,7.77,gamma-CEHC,HMDB0001931
C18-neg,QI07885,277.1442,8.38,alpha-CEHC,HMDB0001518
C18-neg,QI04415,181.9919,1.74,Saccharin,HMDB0029723
C18-neg,QI05719,174.0561,5.4,Indoleacetic acid,HMDB0000197
C18-neg,QI08968,307.097,9.57,Warfarin,HMDB0001935
C18-neg,QI06475,149.0609,6.72,Hydrocinnamic acid,HMDB0000764
C18-neg,QI05049,165.0558,3.14,Phenyllactic acid,HMDB0000779
C18-neg,QI09754,205.1232,10.52,Ibuprofen,HMDB0001925
C18-neg,QI06355,221.1182,6.62,2-Hydroxyibuprofen,HMDB0060920
C18-neg,QI06529,235.0973,6.78,Carboxyibuprofen,HMDB0060564
C18-neg,QI13895,311.2951,16.94,Phytanic acid,HMDB0000801
C18-neg,QI11214,471.3475,12.24,Maslinic acid,HMDB0002392
C18-neg,QI11820,299.2011,13.23,9-cis-Retinoic acid,HMDB0002369
C18-neg,QI09461,378.241,10.2,Sphingosine 1-phosphate,HMDB0000277
C18-neg,QI11207,375.2901,12.23,Isolithocholic acid,HMDB0000717
C18-neg,QI11592,375.2901,12.87,Lithocholic acid,HMDB0000761
C18-neg,QI08843,391.2852,9.45,Hyodeoxycholic acid,HMDB0000733
C18-neg,QI09986,391.2851,10.79,Chenodeoxycholic acid,HMDB0000518
C18-neg,QI10209,391.2849,11.02,Deoxycholic acid,HMDB0000626
C18-neg,QI08695,407.2799,9.25,Cholic acid,HMDB0000619
C18-neg,QI10416,432.3111,11.21,Glycolithocholic acid,HMDB0000698
C18-neg,QI07755,448.3065,8.22,Glycoursodeoxycholic acid,HMDB0000708
C18-neg,QI08803,448.3063,9.42,Glycochenodeoxycholic acid,HMDB0000637
C18-neg,QI09081,448.3064,9.68,Glycodeoxycholic acid,HMDB0000631
C18-neg,QI07757,464.3011,8.22,Glycocholic acid,HMDB0000138
C18-neg,TF15,498.2895,9.15,Taurohyodeoxycholic acid,HMDB0000874
C18-neg,TF16,498.2895,11.45,Taurochenodeoxycholic acid,HMDB0000951
C18-neg,QI11184,498.289,12.18,Taurodeoxycholic acid,HMDB0000896
C18-neg,QI07330,514.2839,7.69,Tauro-alpha-muricholic acid,HMDB0000932
C18-neg,QI08706,514.2838,9.25,Taurocholic acid,HMDB0000036
C18-neg,QI09767,367.1579,10.52,Dehydroepiandrosterone sulfate,HMDB0001032
C18-neg,TF18,395.1898,13.59,Pregnenolone sulfate,HMDB0000774
C18-neg,QI07943,465.2488,8.46,Androsterone 3-glucuronide,HMDB0002829
C18-neg,QI09719,169.1236,10.51,3-Decenoic acid,HMDB0031002
C18-neg,QI11833,213.1861,13.25,11-Methyllauric acid,HMDB0304761
C18-neg,QI12738,297.2428,14.74,3-Oxooctadecanoic acid,HMDB0010736
C18-pos,QI01322,468.3082,4.34,LPC 14:0/0:0,HMDB0010379
C18-pos,QI01608,482.3238,4.57,LPC 15:0/0:0,HMDB0010381
C18-pos,QI01504,494.3237,4.49,LPC 16:1/0:0,HMDB0010383
C18-pos,QI01907,496.3396,4.84,LPC 16:0/0:0,HMDB0010382
C18-pos,QI02172,510.3552,5.12,LPC 17:0/0:0,HMDB0012108
C18-pos,QI01402,518.3239,4.41,LPC 18:3/0:0,HMDB0010387
C18-pos,QI01708,520.3395,4.67,LPC 18:2/0:0,HMDB0010386
C18-pos,QI02074,522.3553,5.01,LPC 18:1/0:0,HMDB0002815
C18-pos,QI02306,524.3708,5.27,LPC 0:0/18:0,HMDB0011128
C18-pos,QI02401,524.371,5.41,LPC 18:0/0:0,HMDB0010384
C18-pos,QI01753,544.3396,4.69,LPC 20:4/0:0,HMDB0010395
C18-pos,QI01956,546.3553,4.88,LPC 20:3/0:0,HMDB0010393
C18-pos,QI02224,548.3707,5.19,LPC 20:2/0:0,HMDB0010392
C18-pos,QI02471,550.3868,5.56,LPC 20:1/0:0,HMDB0010391
C18-pos,QI02737,552.4026,6.05,LPC 20:0/0:0,HMDB0010390
C18-pos,QI01712,568.3395,4.67,LPC 22:6/0:0,HMDB0010404
C18-pos,QI02037,570.3555,4.96,LPC 22:5/0:0,HMDB0010403
C18-pos,QI02176,572.3705,5.12,LPC 22:4/0:0,HMDB0010401
C18-pos,QI02768,578.4188,6.17,LPC 22:1/0:0,HMDB0010399
C18-pos,QI02921,580.4339,6.71,LPC 22:0/0:0,HMDB0010398
C18-pos,QI02937,606.4499,6.8,LPC 24:1/0:0,HMDB0010406
C18-pos,QI03123,634.4791,7.42,LPC 26:1/0:0,HMDB0029220
C18-pos,QI03300,636.4965,7.96,LPC 26:0/0:0,HMDB0029205
C18-pos,QI02185,480.3445,5.14,LPC P-16:0/0:0,HMDB0010407
C18-pos,QI02210,482.3603,5.18,LPC O-16:0/0:0,HMDB0243890
C18-pos,QI02326,506.3602,5.31,LPC P-18:1/0:0,HMDB0010408
C18-pos,QI02619,510.3917,5.78,LPC O-18:0/0:0,HMDB0011149
C18-pos,QI01794,454.2923,4.73,LPE 0:0/16:0,HMDB0011473
C18-pos,QI01935,454.2926,4.85,LPE 16:0/0:0,HMDB0011503
C18-pos,TF09,476.2774,4.43,LPE 18:3/0:0,HMDB0011509
C18-pos,QI01620,478.2925,4.58,LPE 0:0/18:2,HMDB0011477
C18-pos,QI01749,478.2925,4.69,LPE 18:2/0:0,HMDB0011507
C18-pos,QI02091,480.3088,5.03,LPE 18:1/0:0,HMDB0011506
C18-pos,QI02314,482.3235,5.29,LPE 0:0/18:0,HMDB0011129
C18-pos,QI02420,482.3238,5.42,LPE 18:0/0:0,HMDB0011130
C18-pos,TF10,500.2776,4.44,LPE 20:5/0:0,HMDB0011519
C18-pos,QI01654,502.2924,4.61,LPE 0:0/20:4,HMDB0011487
C18-pos,QI01760,502.2928,4.7,LPE 20:4/0:0,HMDB0011517
C18-pos,QI01991,504.3085,4.91,LPE 20:3/0:0,HMDB0011516
C18-pos,QI01752,526.2921,4.69,LPE 22:6/0:0,HMDB0011526
C18-pos,QI03059,566.4176,7.37,LPE 24:0/0:0,HMDB0011527
C18-pos,QI03181,678.5066,7.66,PC 28:0,HMDB0007866
C18-pos,QI03285,692.5224,7.91,PC 29:0,HMDB0007932
C18-pos,QI03140,702.5063,7.48,PC 30:2,HMDB0007903
C18-pos,QI03235,704.5222,7.84,PC 30:1,HMDB0007870
C18-pos,QI03376,706.5373,8.17,PC 30:0,HMDB0007869
C18-pos,QI03344,718.538,8.08,PC 31:1,HMDB0007936
C18-pos,QI03184,728.5222,7.67,PC 32:3,HMDB0007875
C18-pos,QI03531,732.5531,8.33,PC 32:1,HMDB0007873
C18-pos,QI03455,744.5529,8.24,PC 33:2,HMDB0007940
C18-pos,QI03884,748.5844,8.82,PC 33:0,HMDB0007937
C18-pos,QI03203,752.5223,7.71,PC 34:5,HMDB0007916
C18-pos,QI03321,754.5378,8.01,PC 34:4,HMDB0007883
C18-pos,QI03405,756.5529,8.19,PC 34:3,HMDB0008006
C18-pos,QI03659,758.5685,8.48,PC 34:2,HMDB0007973
C18-pos,QI03870,760.5844,8.79,PC 34:1,HMDB0007972
C18-pos,QI04072,762.5998,9.08,PC 34:0,HMDB0007970
C18-pos,QI03483,768.553,8.27,PC 35:4,HMDB0008428
C18-pos,TF12,770.5682,8.42,PC 35:3,HMDB0007947
C18-pos,QI03795,772.5841,8.71,PC 35:2,HMDB0007946
C18-pos,QI04020,774.6,9,PC 35:1,HMDB0256160
C18-pos,TF13,776.6149,9.28,PC 35:0,HMDB0007944
C18-pos,QI03513,782.5677,8.3,PC 36:4_A,HMDB0007983
C18-pos,TF14,784.5838,8.65,PC 36:3,HMDB0008105
C18-pos,QI03993,786.6,8.94,PC 36:2,HMDB0008039
C18-pos,QI04181,788.6158,9.22,PC 36:1,HMDB0008038
C18-pos,TF15,790.6312,9.49,PC 36:0,HMDB0008036
C18-pos,QI03833,796.5835,8.74,PC 37:4,HMDB0007955
C18-pos,QI04133,800.6152,9.16,PC 37:2,HMDB0256163
C18-pos,QI04349,802.6322,9.43,PC 37:1,HMDB0007952
C18-pos,QI03618,806.5676,8.44,PC 38:6,HMDB0007991
C18-pos,QI04005,810.5988,8.97,PC 38:4,HMDB0008048
C18-pos,QI04086,812.6152,9.1,PC 38:3,HMDB0008047
C18-pos,QI04250,814.6315,9.31,PC 38:2,HMDB0008270
C18-pos,QI04438,816.6472,9.58,PC 38:1,HMDB0008269
C18-pos,QI03767,820.5828,8.67,PC 39:6,HMDB0240629
C18-pos,QI03367,826.5353,8.14,PC 40:10,HMDB0008511
C18-pos,QI03702,832.5826,8.58,PC 40:7,HMDB0008123
C18-pos,QI03955,834.599,8.9,PC 40:6,HMDB0008057
C18-pos,QI04026,836.6144,9.01,PC 40:5,HMDB0008312
C18-pos,QI04214,838.6302,9.25,PC 40:4,HMDB0008342
C18-pos,QI04610,842.6634,9.77,PC 40:2,HMDB0008053
C18-pos,QI04765,844.6782,10.03,PC 40:1,HMDB0007993
C18-pos,QI04846,846.6947,10.29,PC 40:0,HMDB0007992
C18-pos,QI04145,862.6315,9.17,PC 42:6,HMDB0008702
C18-pos,QI04270,864.6462,9.33,PC 42:5,HMDB0008318
C18-pos,TF16,866.6618,9.56,PC 42:4,HMDB0008798
C18-pos,QI04810,870.6945,10.17,PC 42:2,HMDB0008125
C18-pos,QI04882,872.7097,10.42,PC 42:1,HMDB0008059
C18-pos,QI04811,894.6949,10.17,PC 44:4,HMDB0008421
C18-pos,QI03816,704.5574,8.73,PC P-31:0,HMDB0011205
C18-pos,QI03780,716.5579,8.69,PC P-32:1,HMDB0011269
C18-pos,QI03782,718.573,8.7,PC O-32:1,HMDB0013404
C18-pos,QI03990,718.5741,8.94,PC P-32:0,HMDB0007896
C18-pos,QI04100,732.589,9.11,PC P-33:0,HMDB0011238
C18-pos,QI03860,742.5739,8.78,PC P-34:2,HMDB0011211
C18-pos,QI03869,744.5889,8.79,PC P-34:1,HMDB0011151
C18-pos,QI04070,744.5895,9.08,PC P-34:1,HMDB0011210
C18-pos,QI04071,746.6048,9.08,PC O-34:1,HMDB0013426
C18-pos,QI04318,748.6209,9.38,PC O-34:0,HMDB0013405
C18-pos,TF18,766.5734,8.55,PC P-36:4,HMDB0013415
C18-pos,QI03885,768.5882,8.82,PC O-36:4,HMDB0013435
C18-pos,QI03962,770.6041,8.91,PC O-36:3,HMDB0013429
C18-pos,QI04179,770.6051,9.22,PC P-36:2,HMDB0011244
C18-pos,QI04194,772.6204,9.23,PC O-36:2,HMDB0013418
C18-pos,QI04375,772.6213,9.49,PC P-36:1,HMDB0011243
C18-pos,QI04619,776.6526,9.79,PC O-36:0,HMDB0013417
C18-pos,QI03809,790.5733,8.72,PC P-38:6,HMDB0011229
C18-pos,QI03832,792.5882,8.74,PC O-38:6,HMDB0013409
C18-pos,QI03952,792.5882,8.9,PC P-38:5,HMDB0011319
C18-pos,QI03984,794.6041,8.93,PC O-38:5,HMDB0013432
C18-pos,QI04101,796.6198,9.11,PC O-38:4,HMDB0013420
C18-pos,TF21,798.6362,9.38,PC O-38:3,HMDB0013440
C18-pos,QI04479,798.6365,9.62,PC P-38:2,HMDB0011250
C18-pos,QI04525,800.6542,9.64,PC O-38:2,HMDB0013431
C18-pos,QI04816,804.6837,10.18,PC O-38:0,HMDB0013408
C18-pos,QI03966,816.5874,8.91,PC P-40:7,HMDB0011328
C18-pos,QI03917,818.6045,8.86,PC P-40:6,HMDB0011294
C18-pos,QI04009,820.6192,8.98,PC P-40:5,HMDB0013422
C18-pos,QI04150,820.6192,9.18,PC P-40:5,HMDB0011261
C18-pos,QI04268,822.6363,9.33,PC P-40:4,HMDB0013444
C18-pos,QI04401,824.6523,9.52,PC O-40:4,HMDB0013442
C18-pos,QI04540,824.6514,9.66,PC P-40:3,HMDB0008621
C18-pos,TF24,826.666,9.71,PC O-40:3,HMDB0013446
C18-pos,TF25,828.6819,10.05,PC O-40:2,HMDB0013437
C18-pos,QI04850,830.6988,10.3,PC O-40:1,HMDB0013433
C18-pos,QI04917,832.7154,10.56,PC O-40:0,HMDB0013421
C18-pos,QI04565,850.6675,9.72,PC P-42:4,HMDB0013451
C18-pos,QI04650,852.683,9.83,PC O-42:4,HMDB0013448
C18-pos,TF27,854.6981,10.09,PC O-42:3,HMDB0013459
C18-pos,QI04859,856.7149,10.34,PC P-42:1,HMDB0013438
C18-pos,QI04885,856.7149,10.43,PC P-42:1,HMDB0011264
C18-pos,QI04944,858.7298,10.69,PC O-42:1,HMDB0013434
C18-pos,QI04652,876.6838,9.83,PC P-44:5,HMDB0013450
C18-pos,QI04786,878.6995,10.1,PC P-44:4,HMDB0013456
C18-pos,TF28,880.7134,10.21,PC P-44:3,HMDB0013453
C18-pos,QI03657,716.5201,8.48,PE 34:2,HMDB0008928
C18-pos,QI03882,718.5383,8.82,PE 34:1,HMDB0008927
C18-pos,QI03670,740.5219,8.52,PE 36:4,HMDB0008937
C18-pos,QI03736,742.5373,8.63,PE 36:3,HMDB0009060
C18-pos,QI03991,744.5537,8.94,PE 36:2,HMDB0008994
C18-pos,QI04177,746.5697,9.22,PE 36:1,HMDB0008993
C18-pos,QI03751,766.5385,8.65,PE 38:5,HMDB0009069
C18-pos,QI04004,768.5532,8.97,PE 38:4,HMDB0009003
C18-pos,QI03932,792.5522,8.89,PE 40:6,HMDB0009012
C18-pos,QI03868,700.5273,8.79,PE P-34:2,HMDB0011343
C18-pos,QI03877,724.5268,8.8,PE P-36:4,HMDB0011410
C18-pos,QI04176,728.5582,9.22,PE P-36:2,HMDB0011441
C18-pos,QI03818,748.5274,8.73,PE P-38:6,HMDB0011420
C18-pos,QI03973,750.5429,8.92,PE P-38:5,HMDB0011387
C18-pos,QI04494,756.5893,9.63,PE P-38:2,HMDB0011382
C18-pos,TF32,758.6049,9.89,PE P-38:1,HMDB0011381
C18-pos,QI03901,774.5411,8.85,PE P-40:7,HMDB0011460
C18-pos,QI04130,776.5583,9.16,PE P-40:6,HMDB0011394
C18-pos,QI04228,778.5746,9.28,PE P-40:5,HMDB0011393
C18-pos,QI04388,780.5893,9.51,PE P-40:4,HMDB0009610
C18-pos,TF33,784.6202,10.03,PE P-40:2,HMDB0011455
C18-pos,QI03602,859.5301,8.43,PI 34:1,HMDB0009783
C18-pos,QI03651,811.5345,8.46,PI 32:0,HMDB0009778
C18-pos,QI03718,863.5627,8.6,PI 36:2,HMDB0009786
C18-pos,QI03945,887.5621,8.89,PI 36:1,HMDB0240667
C18-pos,QI03546,538.5191,8.36,Cer 34:1;O2,HMDB0004949
C18-pos,QI04266,594.5819,9.33,Cer 38:1;O2,HMDB0004951
C18-pos,TF35,618.5797,9.44,Cer 38:0;O2,HMDB0011764
C18-pos,QI04406,608.5978,9.53,Cer 39:1;O2,HMDB0249814
C18-pos,QI04347,620.5977,9.43,Cer 40:2;O2,HMDB0011775
C18-pos,QI04555,622.6132,9.7,Cer 40:1;O2,HMDB0004952
C18-pos,QI04644,624.6291,9.81,Cer 40:0;O2,HMDB0011765
C18-pos,QI04675,636.6291,9.9,Cer 41:1;O2,HMDB0000950
C18-pos,QI04752,638.6446,10.01,Cer 41:0;O2,HMDB0011767
C18-pos,QI04372,646.6133,9.49,Cer 42:3;O2,HMDB0240680
C18-pos,QI04598,648.6289,9.75,Cer 42:2;O2_A,HMDB0004953
C18-pos,QI04781,650.6446,10.1,Cer 42:1;O2,HMDB0004956
C18-pos,QI04819,652.66,10.2,Cer 42:0;O2,HMDB0011768
C18-pos,QI04833,664.6603,10.25,Cer 43:1;O2,HMDB0004957
C18-pos,QI04901,678.6763,10.49,Cer 44:1;O2,HMDB0004955
C18-pos,QI03343,700.5721,8.08,HexCer 34:1;O2,HMDB0004971
C18-pos,QI04354,784.6662,9.44,HexCer 40:1;O2,HMDB0004974
C18-pos,TF40,810.6821,9.49,HexCer 42:2;O2,HMDB0004975
C18-pos,TF42,812.6979,9.84,HexCer 42:1;O2,HMDB0004978
C18-pos,QI03305,862.6249,7.96,Hex2Cer 34:1;O2,HMDB0006750
C18-pos,QI04273,968.7003,9.33,Hex2Cer 40:1;O2,HMDB0011594
C18-pos,QI04322,994.7153,9.38,Hex2Cer 42:2;O2,HMDB0004872
C18-pos,QI03012,647.5122,7.14,SM 30:1;O2,HMDB0012096
C18-pos,QI03196,675.5435,7.7,SM 32:1;O2,HMDB0012097
C18-pos,QI03269,677.5588,7.89,SM 32:0;O2,HMDB0012085
C18-pos,QI03164,687.5434,7.59,SM 33:2;O2_A,HMDB0240677
C18-pos,QI03248,701.559,7.85,SM 34:2;O2,HMDB0240613
C18-pos,QI03566,705.5895,8.39,SM 34:0;O2,HMDB0010168
C18-pos,QI03648,717.5895,8.46,SM 35:1;O2,HMDB0240622
C18-pos,QI03553,729.5899,8.37,SM 36:2;O2,HMDB0012101
C18-pos,QI03783,731.6055,8.7,SM 36:1;O2,HMDB0001348
C18-pos,QI03911,733.6204,8.86,SM 36:0;O2,HMDB0012087
C18-pos,QI04165,759.637,9.21,SM 38:1;O2,HMDB0012102
C18-pos,QI04084,771.6365,9.1,SM 39:2;O2,HMDB0240676
C18-pos,QI04432,787.6684,9.58,SM 40:1;O2,HMDB0012103
C18-pos,QI04398,799.6687,9.52,SM 41:2;O2,HMDB0240614
C18-pos,QI04620,801.6845,9.79,SM 41:1;O2,HMDB0012105
C18-pos,QI04061,809.6518,9.06,SM 42:4;O2,HMDB0240644
C18-pos,QI04498,813.6834,9.63,SM 42:2;O2,HMDB0012107
C18-pos,QI04718,815.6998,9.99,SM 42:1;O2,HMDB0011697
C18-pos,QI04609,827.7004,9.77,SM 43:2;O2,HMDB0011699
C18-pos,QI04796,829.7161,10.13,SM 43:1;O2,HMDB0240674
C18-pos,QI04747,841.7167,10,SM 44:2;O2,HMDB0013461
C18-pos,QI04872,843.7324,10.38,SM 44:1;O2,HMDB0011698
C18-pos,QI05168,617.5263,11.31,CE 14:1,HMDB0010367
C18-pos,QI05304,619.5414,11.57,CE 14:0,HMDB0006725
C18-pos,QI05182,643.5419,11.33,CE 16:2,HMDB0060058
C18-pos,QI05351,645.5573,11.67,CE 16:1,HMDB0000658
C18-pos,QI05467,647.5733,11.97,CE 16:0,HMDB0000885
C18-pos,QI05433,659.5731,11.88,CE 17:1,HMDB0060060
C18-pos,QI05545,661.5889,12.19,CE 17:0,HMDB0060059
C18-pos,QI05271,669.5571,11.51,CE 18:3,HMDB0010370
C18-pos,QI05398,671.5726,11.76,CE 18:2,HMDB0000610
C18-pos,QI05516,673.5887,12.09,CE 18:1,HMDB0000918
C18-pos,QI05598,675.6047,12.39,CE 18:0,HMDB0010368
C18-pos,TF51,689.6211,12.61,CE 19:0,HMDB0006738
C18-pos,QI05214,693.557,11.38,CE 20:5,HMDB0006731
C18-pos,QI05334,695.5725,11.62,CE 20:4,HMDB0006726
C18-pos,QI05430,697.5884,11.87,CE 20:3,HMDB0006736
C18-pos,QI05533,694.649,12.15,CE 20:2,HMDB0006734
C18-pos,QI05617,701.6206,12.48,CE 20:1,HMDB0005193
C18-pos,QI05258,719.5725,11.48,CE 22:6,HMDB0006733
C18-pos,QI05367,716.6329,11.69,CE 22:5,HMDB0010375
C18-pos,QI05474,718.6492,11.98,CE 22:4,HMDB0006729
C18-pos,TF52,727.637,12.59,CE 22:2,HMDB0006737
C18-pos,QI05694,729.6524,12.96,CE 22:1,HMDB0010372
C18-pos,QI01692,325.2345,4.65,MG 14:0,HMDB0011561
C18-pos,QI01996,339.2503,4.92,MG 15:0,HMDB0011563
C18-pos,QI02251,353.2657,5.21,MG 16:0,HMDB0011564
C18-pos,QI02455,367.2817,5.52,MG 17:0,HMDB0072856
C18-pos,QI02085,377.2659,5.02,MG 18:2,HMDB0011568
C18-pos,QI02433,379.2816,5.46,MG 18:1,HMDB0011567
C18-pos,QI02663,376.342,5.84,MG 18:0,HMDB0011131
C18-pos,QI02769,395.3133,6.18,MG 19:0,HMDB0072839
C18-pos,QI02873,409.3287,6.52,MG 20:0,HMDB0011572
C18-pos,QI03023,437.3601,7.18,MG 22:0,HMDB0011581
C18-pos,QI03195,465.3916,7.7,MG 24:0,HMDB0011588
C18-pos,QI03330,559.4334,8.04,DG 30:2,HMDB0007041
C18-pos,QI03565,561.4487,8.39,DG 30:1,HMDB0007012
C18-pos,QI03814,563.4639,8.73,DG 30:0,HMDB0007011
C18-pos,QI03909,589.4797,8.86,DG 32:1,HMDB0007099
C18-pos,QI04140,591.4955,9.17,DG 32:0,HMDB0007098
C18-pos,QI03575,611.4636,8.41,DG 34:4,HMDB0007025
C18-pos,QI03815,613.4792,8.73,DG 34:3,HMDB0007132
C18-pos,QI04041,615.4949,9.03,DG 34:2,HMDB0007103
C18-pos,QI04227,617.5112,9.28,DG 34:1,HMDB0007102
C18-pos,QI04407,619.5269,9.55,DG 34:0,HMDB0007100
C18-pos,QI04153,629.5113,9.19,DG 35:2,HMDB0007080
C18-pos,QI04371,631.5273,9.49,DG 35:1,HMDB0007387
C18-pos,QI03898,639.4953,8.85,DG 36:4,HMDB0007248
C18-pos,QI04107,641.511,9.12,DG 36:3,HMDB0007219
C18-pos,QI04337,643.527,9.41,DG 36:2,HMDB0007218
C18-pos,QI04560,645.5426,9.71,DG 36:1,HMDB0007216
C18-pos,QI04695,647.5582,9.95,DG 36:0,HMDB0056036
C18-pos,QI03894,663.4948,8.84,DG 38:6,HMDB0007257
C18-pos,QI04099,665.5106,9.11,DG 38:5,HMDB0007199
C18-pos,QI04222,667.5265,9.27,DG 38:4_A,HMDB0007170
C18-pos,QI04397,669.5425,9.52,DG 38:3,HMDB0007169
C18-pos,QI04687,673.5742,9.93,DG 38:1,HMDB0007820
C18-pos,QI04921,717.6002,10.58,TG 40:0,HMDB0099325
C18-pos,QI04960,731.616,10.75,TG 41:0,HMDB0072022
C18-pos,QI04826,739.5851,10.22,TG 42:3,HMDB0047885
C18-pos,QI04881,741.6004,10.42,TG 42:2,HMDB0042278
C18-pos,QI04941,743.6158,10.68,TG 42:1,HMDB0042068
C18-pos,QI05003,745.6314,10.94,TG 42:0,HMDB0072780
C18-pos,QI04927,755.6155,10.61,TG 43:2,HMDB0043169
C18-pos,QI04984,757.6314,10.87,TG 43:1,HMDB0042098
C18-pos,QI05060,759.6465,11.09,TG 43:0,HMDB0042062
C18-pos,QI04911,767.6159,10.54,TG 44:3,HMDB0047908
C18-pos,QI04967,769.6315,10.78,TG 44:2,HMDB0042279
C18-pos,QI05036,771.6467,11.04,TG 44:1,HMDB0042301
C18-pos,QI05137,773.6621,11.25,TG 44:0,HMDB0042063
C18-pos,QI05006,783.6468,10.94,TG 45:2,HMDB0043170
C18-pos,QI05097,785.6623,11.18,TG 45:1,HMDB0042099
C18-pos,QI05216,782.722,11.4,TG 45:0,HMDB0042093
C18-pos,TF54,791.6157,10.38,TG 46:5,HMDB0047901
C18-pos,QI04931,793.6316,10.63,TG 46:4,HMDB0042548
C18-pos,QI04988,795.647,10.88,TG 46:3,HMDB0042751
C18-pos,QI05070,797.6622,11.11,TG 46:2,HMDB0010419
C18-pos,QI05183,799.6775,11.33,TG 46:1,HMDB0010412
C18-pos,QI05287,801.693,11.54,TG 46:0,HMDB0010411
C18-pos,QI04976,800.6764,10.84,TG 47:5,HMDB0043186
C18-pos,QI05037,809.6623,11.04,TG 47:3,HMDB0042752
C18-pos,QI05145,811.6779,11.27,TG 47:2,HMDB0043199
C18-pos,QI05257,813.6926,11.47,TG 47:1,HMDB0042100
C18-pos,QI05375,810.7533,11.7,TG 47:0,HMDB0042094
C18-pos,QI04955,819.6472,10.72,TG 48:5,HMDB0042789
C18-pos,QI05018,821.6621,10.96,TG 48:4,HMDB0042811
C18-pos,QI05109,823.6772,11.2,TG 48:3,HMDB0005432
C18-pos,QI05227,825.693,11.42,TG 48:2,HMDB0005376
C18-pos,QI05345,827.7086,11.65,TG 48:1,HMDB0005359
C18-pos,QI05435,829.7236,11.88,TG 48:0,HMDB0005356
C18-pos,QI05079,835.6779,11.14,TG 49:4,HMDB0042632
C18-pos,QI05196,832.7376,11.35,TG 49:3,HMDB0042103
C18-pos,QI05308,834.7532,11.57,TG 49:2,HMDB0011706
C18-pos,QI05410,836.7691,11.8,TG 49:1,HMDB0011705
C18-pos,QI05498,838.7853,12.03,TG 49:0,HMDB0042095
C18-pos,QI04964,843.6475,10.76,TG 50:7,HMDB0047745
C18-pos,QI05008,845.6625,10.94,TG 50:6,HMDB0010497
C18-pos,QI05045,847.6776,11.06,TG 50:5,HMDB0010471
C18-pos,QI05151,849.6928,11.28,TG 50:4,HMDB0005435
C18-pos,QI05274,851.7084,11.51,TG 50:3,HMDB0005433
C18-pos,QI05383,853.7242,11.73,TG 50:2,HMDB0005377
C18-pos,QI05470,855.7402,11.97,TG 50:1,HMDB0005360
C18-pos,QI05551,857.7564,12.23,TG 50:0,HMDB0005357
C18-pos,QI05048,854.7231,11.07,TG 51:6,HMDB0042902
C18-pos,QI05147,861.6931,11.27,TG 51:5,HMDB0043518
C18-pos,QI05236,863.709,11.43,TG 51:4,HMDB0052411
C18-pos,QI05348,865.7242,11.66,TG 51:3,HMDB0011701
C18-pos,QI05442,867.7399,11.9,TG 51:2,HMDB0011707
C18-pos,QI05529,869.756,12.13,TG 51:1,HMDB0042104
C18-pos,QI05591,871.772,12.36,TG 51:0,HMDB0031106
C18-pos,QI04979,869.6633,10.85,TG 52:8,HMDB0048587
C18-pos,QI05057,871.678,11.08,TG 52:7,HMDB0010517
C18-pos,QI05087,873.6931,11.16,TG 52:6,HMDB0005436
C18-pos,QI05208,875.7079,11.37,TG 52:5,HMDB0005380
C18-pos,QI05309,877.7229,11.57,TG 52:4,HMDB0005363
C18-pos,QI05420,879.7398,11.82,TG 52:3,HMDB0005384
C18-pos,QI05512,881.7557,12.06,TG 52:2,HMDB0005369
C18-pos,QI05577,883.7719,12.31,TG 52:1,HMDB0005367
C18-pos,QI05638,885.788,12.59,TG 52:0,HMDB0005365
C18-pos,QI05118,885.6944,11.22,TG 53:7,HMDB0048455
C18-pos,QI05217,882.7537,11.4,TG 53:6,HMDB0052415
C18-pos,QI05283,884.7685,11.53,TG 53:5,HMDB0049730
C18-pos,QI05402,886.7845,11.76,TG 53:4,HMDB0044711
C18-pos,QI05476,893.7563,11.98,TG 53:3,HMDB0043058
C18-pos,QI05554,895.772,12.24,TG 53:2,HMDB0062701
C18-pos,QI05620,897.7878,12.5,TG 53:1,HMDB0042482
C18-pos,QI05010,895.679,10.94,TG 54:9,HMDB0010498
C18-pos,QI05088,897.6936,11.16,TG 54:8,HMDB0010518
C18-pos,QI05123,899.7084,11.23,TG 54:7,HMDB0005447
C18-pos,QI05244,901.7228,11.45,TG 54:6,HMDB0005391
C18-pos,QI05357,903.7396,11.68,TG 54:5,HMDB0005385
C18-pos,QI05445,905.7554,11.9,TG 54:4,HMDB0005370
C18-pos,QI05542,907.7715,12.17,TG 54:3,HMDB0005405
C18-pos,QI05606,909.7876,12.43,TG 54:2,HMDB0005403
C18-pos,QI05657,911.8038,12.68,TG 54:1,HMDB0005395
C18-pos,QI05697,913.8194,12.99,TG 54:0,HMDB0005393
C18-pos,QI05288,908.7694,11.54,TG 55:7,HMDB0049739
C18-pos,QI05370,910.7843,11.69,TG 55:6,HMDB0044720
C18-pos,QI05455,912.7996,11.93,TG 55:5,HMDB0044719
C18-pos,QI05519,914.8165,12.09,TG 55:4,HMDB0044713
C18-pos,QI05585,921.7873,12.33,TG 55:3,HMDB0043127
C18-pos,QI05639,923.8037,12.59,TG 55:2,HMDB0043373
C18-pos,TF55,919.6791,10.87,TG 56:11,HMDB0054098
C18-pos,QI05039,921.6941,11.04,TG 56:10,HMDB0010513
C18-pos,QI05139,923.7087,11.25,TG 56:9,HMDB0005448
C18-pos,QI05253,925.7229,11.46,TG 56:8,HMDB0005392
C18-pos,QI05311,927.7373,11.57,TG 56:7_A,HMDB0005462
C18-pos,QI05437,929.7549,11.88,TG 56:6,HMDB0005456
C18-pos,QI05483,931.7704,12,TG 56:5_A,HMDB0005406
C18-pos,QI05561,933.7864,12.25,TG 56:4,HMDB0005398
C18-pos,QI05625,935.8036,12.51,TG 56:3,HMDB0005410
C18-pos,QI05671,937.8194,12.8,TG 56:2,HMDB0005404
C18-pos,QI05710,939.8352,13.11,TG 56:1,HMDB0005396
C18-pos,QI05218,932.7685,11.4,TG 57:9,HMDB0054031
C18-pos,QI05339,934.7854,11.64,TG 57:8,HMDB0054025
C18-pos,QI05427,936.8007,11.85,TG 57:7,HMDB0043782
C18-pos,QI05660,949.8195,12.7,TG 57:3,HMDB0043380
C18-pos,QI05699,951.8359,13.01,TG 57:2,HMDB0043375
C18-pos,QI05019,945.6938,10.96,TG 58:12,HMDB0010514
C18-pos,QI05105,947.7089,11.19,TG 58:11,HMDB0010531
C18-pos,QI05219,944.7683,11.4,TG 58:10,HMDB0005476
C18-pos,QI05300,946.7832,11.56,TG 58:9,HMDB0005463
C18-pos,QI05353,948.7985,11.67,TG 58:8_A,HMDB0005413
C18-pos,QI05447,955.7721,11.9,TG 58:7_A,HMDB0005471
C18-pos,QI05562,957.7868,12.25,TG 58:6,HMDB0005458
C18-pos,QI05594,954.847,12.37,TG 58:5,HMDB0042645
C18-pos,QI05649,961.8195,12.63,TG 58:4,HMDB0048749
C18-pos,QI05690,963.8356,12.9,TG 58:3,HMDB0044261
C18-pos,QI05719,965.8511,13.22,TG 58:2,HMDB0044121
C18-pos,QI05751,967.8662,13.57,TG 58:1,HMDB0043925
C18-pos,QI05743,979.8664,13.46,TG 59:2,HMDB0050322
C18-pos,QI05176,973.7248,11.32,TG 60:12,HMDB0005478
C18-pos,QI05285,970.7825,11.53,TG 60:11,HMDB0050099
C18-pos,QI05731,991.8666,13.35,TG 60:3,HMDB0049905
C18-pos,QI05776,993.8823,13.69,TG 60:2,HMDB0045053
C18-pos,QI05247,994.7844,11.45,TG 62:13,HMDB0050279
C18-pos,QI05292,996.7996,11.54,TG 62:12,HMDB0045449
C18-pos,QI03272,430.3801,7.9,alpha-Tocopherol,HMDB0001893
C18-pos,QI03187,416.3646,7.69,gamma-Tocopherol,HMDB0001492
C18-pos,QI01146,300.2893,4.2,Sphingosine,HMDB0000252
C18-pos,QI03018,385.3469,7.18,Cholestenone,HMDB0000921
C18-pos,QI03090,369.3513,7.39,Cholesterol,HMDB0000067
HILIC-neg,QI04215,153.0194,4.71,Gentisic acid,HMDB0000152
HILIC-neg,QI05438,341.1093,2.56,Dihexose,HMDB0000258
HILIC-neg,TF10,259.0224,6.98,Hexose monophosphate,HMDB0000124
HILIC-neg,TF08,135.03,4.37,Erythronic and,HMDB0000613
HILIC-neg,QI03547,149.0093,6.76,Tartaric acid,HMDB0000956
HILIC-neg,QI05526,181.0719,2.04,Sorbitol,HMDB0000247
HILIC-neg,TF01,144.1031,2.64,2-Aminoheptanoic acid,HMDB0094649
HILIC-neg,QI05006,115.0401,3.38,Ketoisovaleric acid,HMDB0000019
HILIC-neg,QI03475,88.988,7.13,Oxalic acid,HMDB0002329
HILIC-neg,TF14,117.0194,6.85,Methylmalonic acid,HMDB0000202
HILIC-neg,QI01088,131.0714,3.54,2-Hydroxycaproic and,HMDB0000317
HILIC-neg,TF02,147.0299,6.58,2-Hydroxyglutaric acid,HMDB0059655
HILIC-neg,QI03540,175.0611,6.79,2-Isopropylmalic acid,HMDB0000402
HILIC-neg,QI05020,135.0313,3.35,Hypoxanthine,HMDB0000157
HILIC-neg,QI02535,346.0562,7.37,AMP,HMDB0000045
HILIC-neg,TF06,165.042,2.65,7-Methylxanthine,HMDB0001991
HILIC-neg,QI04161,167.0211,4.9,Uric acid,HMDB0000289
HILIC-neg,QI03759,188.0566,6.42,N-Acetylglutamic acid,HMDB0001138
HILIC-neg,TF07,171.0067,7,sn-Glycero-3-phosphate,HMDB0000126
HILIC-neg,TF15,87.0088,5.65,Pyruvic acid,HMDB0000243
HILIC-neg,TF05,184.9857,8.79,3-Phosphoglyceric acid,HMDB0000807
HILIC-neg,TF03,184.9856,8.94,2-Phosphoglyceric acid,HMDB0000362
HILIC-neg,QI03572,115.0037,6.69,Fumaric and,HMDB0000134
HILIC-neg,QI02394,117.0193,6.64,Succinic acid,HMDB0000254
HILIC-neg,QI02695,173.0092,8.73,cis-Aconitic acid,HMDB0000072
HILIC-neg,QI03287,191.0197,8.73,Citric and,HMDB0000094
HILIC-neg,TF13,179.0563,2.82,Myo-inositol,HMDB0000211
HILIC-neg,QI01694,204.0667,4.44,Indolelactic acid,HMDB0000671
HILIC-neg,TF17,204.0304,7.92,Xanthurenic acid,HMDB0000881
HILIC-neg,TF04,165.056,4.39,3-(3-Hydroxyphenyl)propanoic acid,HMDB0000375
HILIC-pos,QI02027,286.1436,1.99,Piperine,HMDB0029377
HILIC-pos,QI12091,180.0657,2.63,Hippuric acid,HMDB0000714
HILIC-pos,QI12077,196.0607,2.65,3-Hydroxyhippuric acid,HMDB0006116
HILIC-pos,QI13751,154.05,1.84,3-Hydroxyanthranilic acid,HMDB0001476
HILIC-pos,QI09985,777.6933,5.72,Thyroxine,HMDB0000248
HILIC-pos,TF07,104.0707,7.71,gamma-Aminobutyric acid,HMDB0000112
HILIC-pos,TF04,104.0707,7.82,Aminoisobutyric acid,HMDB0001906
HILIC-pos,QI12710,288.2532,2.03,Lauroyl diethanolamide,HMDB0032358
HILIC-pos,QI02290,298.2739,2.02,Palmitoleoyl-EA,HMDB0013648
HILIC-pos,QI12934,324.2895,2.02,Linoleoyl-EA,HMDB0012252
HILIC-pos,QI01947,284.2947,1.97,Stearamide,HMDB0034146
HILIC-pos,TF23,89.1074,9.49,Putrescine,HMDB0001414
HILIC-pos,QI06939,146.1177,8.89,3-Dehydroxycarnitine,HMDB0001161
HILIC-pos,QI08391,218.1388,8.44,CAR 3:0,HMDB0000824
HILIC-pos,QI06626,232.1543,8.13,CAR 4:0,HMDB0002013
HILIC-pos,QI06522,244.1543,7.98,CAR 5:1,HMDB0002366
HILIC-pos,QI08201,248.1492,8.97,CAR 4:0;OH,HMDB0013127
HILIC-pos,QI08243,262.1648,8.83,CAR 5:0;OH,HMDB0241655
HILIC-pos,QI08959,274.2012,7.52,CAR 7:0,HMDB0013238
HILIC-pos,QI06720,276.1804,8.33,CAR 6:0;OH,HMDB0013131
HILIC-pos,QI08911,284.1854,7.59,CAR 8:2,HMDB0241717
HILIC-pos,QI09028,288.2167,7.42,CAR 8:0,HMDB0000791
HILIC-pos,QI08463,290.1596,8.23,CAR DC6:0,HMDB0061677
HILIC-pos,QI06118,300.2167,7.41,CAR 9:1,HMDB0241744
HILIC-pos,QI08464,302.1595,8.23,CAR DC7:1,HMDB0241688
HILIC-pos,QI06055,302.2323,7.3,CAR 9:0,HMDB0013288
HILIC-pos,QI08579,304.1752,8.06,CAR DC7:0,HMDB0013328
HILIC-pos,QI06427,304.2116,7.86,CAR 8:0;OH,HMDB0061634
HILIC-pos,QI09019,312.2167,7.43,CAR 10:2,HMDB0013325
HILIC-pos,QI09119,314.2323,7.28,CAR 10:1,HMDB0013205
HILIC-pos,QI08627,316.1752,7.99,CAR DC8:1,HMDB0241707
HILIC-pos,QI06429,318.1908,7.86,CAR DC8:0,HMDB0240724
HILIC-pos,QI06008,328.2479,7.2,CAR 11:1,HMDB0062737
HILIC-pos,QI08901,332.2428,7.6,CAR 10:0;OH,HMDB0061636
HILIC-pos,QI09184,340.2479,7.12,CAR 12:2,HMDB0241240
HILIC-pos,QI09210,344.2792,7.05,CAR 12:0,HMDB0002250
HILIC-pos,QI05930,356.2792,7,CAR 13:1,HMDB0241309
HILIC-pos,QI09257,358.2949,6.91,CAR 13:0,HMDB0241308
HILIC-pos,QI09209,366.2636,7.05,CAR 14:3,HMDB0241394
HILIC-pos,QI05920,368.2792,6.97,CAR 14:2,HMDB0013331
HILIC-pos,QI05893,370.2949,6.9,CAR 14:1,HMDB0002014
HILIC-pos,QI05857,384.3104,6.84,CAR 15:1,HMDB0241436
HILIC-pos,QI05853,386.3261,6.83,CAR 15:0,HMDB0062517
HILIC-pos,QI05751,426.3575,6.69,CAR 18:1,HMDB0005065
HILIC-pos,QI09454,456.4046,6.55,CAR 20:0,HMDB0006460
HILIC-pos,QI05615,536.4677,6.41,CAR 26:2,HMDB0241642
HILIC-pos,QI05595,538.4835,6.37,CAR 26:1,HMDB0241641
HILIC-pos,QI09027,608.4652,7.42,LPC 24:0,HMDB0010405
HILIC-pos,QI08722,508.3764,7.87,LPC P-18:0,HMDB0013122
HILIC-pos,QI09415,740.559,6.65,PC P-34:3,HMDB0011212
HILIC-pos,QI05699,764.5579,6.56,PC P-36:5,HMDB0008260
HILIC-pos,QI05697,766.5735,6.55,PC P-36:4,HMDB0011221
HILIC-pos,QI09422,768.5893,6.62,PC P-36:3,HMDB0011310
HILIC-pos,QI05708,796.6198,6.58,PC P-38:3,HMDB0011252
HILIC-pos,QI05782,720.5536,6.75,PC 31:0,HMDB0007935
HILIC-pos,QI09383,730.538,6.74,PC 32:2,HMDB0007874
HILIC-pos,QI09384,734.5695,6.74,PC 32:0,HMDB0007871
HILIC-pos,QI05764,746.5704,6.72,PC 33:1,HMDB0007938
HILIC-pos,QI09560,452.2772,6.36,LPE 16:1,HMDB0011504
HILIC-pos,QI09615,504.3077,6.26,LPE 20:3,HMDB0011484
HILIC-pos,QI05448,466.3292,6.14,LPE P-18:0,HMDB0240598
HILIC-pos,QI10142,702.5436,5.5,PE P-34:1,HMDB0008952
HILIC-pos,QI10161,730.5727,5.47,PE P-36:1,HMDB0011439
HILIC-pos,QI10208,752.5579,5.4,PE P-38:4,HMDB0005779
HILIC-pos,QI04992,754.538,5.47,PE 37:4,HMDB0008910
HILIC-pos,QI10164,764.5214,5.47,PE 38:6,HMDB0009102
HILIC-pos,QI04624,259.1036,4.94,AICAR,HMDB0062179
HILIC-pos,QI04858,166.0725,5.3,1-Methylguanine,HMDB0003282
HILIC-pos,QI09904,166.0725,5.86,7-Methylguanine,HMDB0000897
HILIC-pos,QI10290,298.1144,5.3,2-Methylguanosine,HMDB0005862
HILIC-pos,QI04956,312.13,5.42,"N2,N2-Dimethylguanosine",HMDB0004824
HILIC-pos,QI11610,167.0565,3.52,3-Methylxanthine,HMDB0001886
HILIC-pos,QI11849,195.0879,2.99,Caffeine,HMDB0001847
HILIC-pos,QI03681,137.046,3.81,Allopurinol,HMDB0014581
HILIC-pos,QI05204,258.1084,5.79,5-Methylcytidine,HMDB0000982
HILIC-pos,QI11858,259.0924,2.97,Ribothymidine,HMDB0000884
HILIC-pos,QI11094,286.1032,4.33,N4-Acetylcytidine,HMDB0005923
HILIC-pos,TF08,76.0394,7.96,Glycine,HMDB0000123
HILIC-pos,QI08729,90.055,7.86,Alanine,HMDB0000161
HILIC-pos,TF22,90.055,8.18,Sarcosine,HMDB0000271
HILIC-pos,QI06824,104.0706,8.62,Dimethylglycine,HMDB0000092
HILIC-pos,QI06361,106.0499,7.72,Serine,HMDB0000187
HILIC-pos,TF18,118.0865,7.48,Valine,HMDB0000883
HILIC-pos,QI06991,118.0864,9.09,Betaine,HMDB0000043
HILIC-pos,TF10,132.1021,7.04,Leucine,HMDB0000687
HILIC-pos,TF09,132.102,7.17,Isoleucine,HMDB0000172
HILIC-pos,QI11581,146.0813,3.6,4-Acetamidobutanoic acid,HMDB0003681
HILIC-pos,QI09041,146.0925,7.39,4-Guanidinobutanoic acid,HMDB0003464
HILIC-pos,QI06583,147.0765,8.08,Glutamine,HMDB0000641
HILIC-pos,QI06278,148.0605,7.62,Glutamic acid,HMDB0000148
HILIC-pos,QI05958,150.0584,7.1,Methionine,HMDB0000696
HILIC-pos,QI08430,152.0377,8.34,S-Methylcysteine S-oxide,HMDB0029432
HILIC-pos,TF12,160.0971,3.45,N-Acetylvaline,HMDB0011757
HILIC-pos,QI07180,161.1286,9.76,N(6)-Methyllysine,HMDB0002038
HILIC-pos,QI07212,170.0925,9.94,3-Methylhistidine,HMDB0000479
HILIC-pos,QI05985,172.1333,7.16,Gabapentin,HMDB0005015
HILIC-pos,QI08405,176.1031,8.4,Citrulline,HMDB0000904
HILIC-pos,TF17,182.0813,6.87,Tyrosine,HMDB0000158
HILIC-pos,QI08383,189.1235,8.46,N6-Acetyllysine,HMDB0000206
HILIC-pos,QI08041,189.1348,9.46,Targinine,HMDB0029416
HILIC-pos,QI07312,189.1599,11.36,N-6-Trimethyllysine,HMDB0001325
HILIC-pos,QI03535,192.0691,3.5,N-Acetylmethionine,HMDB0011745
HILIC-pos,TF05,203.1505,9.81,Dimethylarginine,HMDB0001539
HILIC-pos,TF16,205.0973,6.57,Tryptophan,HMDB0000929
HILIC-pos,QI06692,217.1296,8.24,N-Acetylarginine,HMDB0004620
HILIC-pos,QI11776,220.1181,3.12,Pantothenic acid,HMDB0000210
HILIC-pos,QI11852,247.1078,2.99,N-Acetyl-D-tryptophan,HMDB0013713
HILIC-pos,QI04694,313.0851,5,3-(N-Acetyl-L-cystein-S-yl) acetaminophen,HMDB0242140
HILIC-pos,QI08029,204.1344,9.47,Lys-Gly,HMDB0028951
HILIC-pos,QI07012,229.1183,9.17,Pro-hydroxyPro,HMDB0006695
HILIC-pos,QI07891,244.1656,10.47,Pro-Lys,HMDB0029022
HILIC-pos,QI05460,352.1653,6.15,Phe-Trp,HMDB0029006
HILIC-pos,QI08712,145.1336,7.88,N-Acetylcadaverine,HMDB0002284
HILIC-pos,QI07213,188.1759,9.94,N1-Acetylspermidine,HMDB0001276
HILIC-pos,TF06,202.119,7.91,DMGV,HMDB0240212
HILIC-pos,QI07885,258.11,10.55,sn-Glycero-3-phosphocholine,HMDB0000086
HILIC-pos,QI08891,106.0863,7.61,Diethanolamine,HMDB0004437
HILIC-pos,TF15,76.0758,8.23,Trimethylamine N-oxide,HMDB0000925
HILIC-pos,QI08747,150.1126,7.8,Triethanolamine,HMDB0032538
HILIC-pos,QI08717,146.1177,7.88,Acetylcholine,HMDB0000895
HILIC-pos,QI07820,184.0736,11.7,Choline phosphate,HMDB0001565
HILIC-pos,QI05691,100.1121,6.53,Cyclohexylamine,HMDB0031404
HILIC-pos,QI12988,583.2554,2.01,Biliverdin,HMDB0001008
HILIC-pos,QI13030,593.3338,2.01,Mesobilirubinogen,HMDB0001898
HILIC-pos,QI06615,127.0505,8.12,Imidazoleacetic acid,HMDB0002024
HILIC-pos,QI08955,141.0659,7.53,Imidazolepropionic acid,HMDB0002271
HILIC-pos,QI08203,141.0659,8.96,Methylimidazoleacetic acid,HMDB0002820
HILIC-pos,QI01921,178.0864,1.96,5-Hydroxytryptophol,HMDB0001855
HILIC-pos,QI10344,616.1762,5.2,Heme,HMDB0003178
HILIC-pos,QI10614,164.0568,4.85,Pterin,HMDB0000802
HILIC-pos,QI11401,123.0557,3.92,Niacinamide,HMDB0001406
HILIC-pos,QI06726,137.071,8.35,1-Methyl nicotinamide,HMDB0000699
HILIC-pos,QI06953,138.0551,8.99,Trigonelline,HMDB0000875
HILIC-pos,QI11012,184.0607,4.43,4-Pyridoxic acid,HMDB0000017
HILIC-pos,QI08317,163.1231,8.65,Nicotine,HMDB0001934
HILIC-pos,TF03,159.0515,3.68,Allantoin,HMDB0000462
HILIC-pos,QI13408,510.4884,1.9,Cer 18:1;O2/14:0,HMDB0011773
HILIC-pos,QI01690,524.5042,1.88,Cer 18:1;O2/15:0,HMDB0240685
HILIC-pos,QI06117,673.527,7.41,SM 18:1;O2/14:1,HMDB0240612
HILIC-pos,QI06036,689.5586,7.28,SM 18:1;O2/15:0,HMDB0240608
HILIC-pos,QI09130,703.5738,7.26,SM 18:1;O2/16:0,HMDB0010169
HILIC-pos,QI09188,757.6207,7.11,SM 18:1;O2/20:1,HMDB0240610
HILIC-pos,QI05950,773.6523,7.07,SM 18:1;O2/21:0,HMDB0240611
HILIC-pos,QI05951,783.6373,7.08,SM 18:1;O2/22:2,HMDB0240669
HILIC-pos,TF21,785.6524,7.06,SM 18:1;O2/22:1,HMDB0012104
HILIC-pos,QI05437,318.3,6.12,Phytosphingosine,HMDB0004610
HILIC-pos,QI12697,347.2215,2.03,11-Deoxycortisol,HMDB0000015
HILIC-pos,QI02287,361.2007,2.02,Cortisone,HMDB0002802
HILIC-pos,QI02283,363.2164,2.02,Cortisol,HMDB0000063
HILIC-pos,QI09811,398.3415,5.99,Solanidine,HMDB0003236
HILIC-pos,QI08654,148.0969,7.96,2-amino-6-hydroxyhexanoic acid,HMDB0142963
HILIC-pos,QI06698,203.1392,8.26,N-Acetylisoputreanine,HMDB0094713
HILIC-pos,QI02701,286.2375,2.35,N-Myristoylglycine,HMDB0013250
HILIC-pos,QI03639,385.3059,3.75,N-palmitoyl glutamine,HMDB0241924
HILIC-pos,QI00768,447.3832,1.68,alpha-Tocoquinone,HMDB0034408
